-- Тестовые данные
--rollback;
begin;
truncate table "orders"."order" cascade;
truncate table "catalog".item cascade;

insert into "catalog".item (id, barcode, title, status, price) VALUES
(1, '4601234500001', 'Чайник электрический ', 'OPEN', 2511.64),
(2, '4601234500002', 'Тостер ', 'OPEN', 1835.93),
(3, '4601234500003', 'Микроволновая печь ', 'CLOSED', 4838.36),
(4, '4601234500004', 'Блендер ', 'OPEN', 3504.50),
(5, '4601234500005', 'Мясорубка ', 'OPEN', 3180.24),
(6, '4601234500006', 'Кофеварка ', 'OPEN', 2299.84),
(7, '4601234500007', 'Утюг ', 'OPEN', 2359.22),
(8, '4601234500008', 'Фен ', 'OPEN', 1424.93),
(9, '4601234500009', 'Пылесос ', 'OPEN', 6637.32),
(10, '4601234500010', 'Стиральная машина ', 'CLOSED', 14577.50),
(11, '4601234500011', 'Холодильник ', 'OPEN', 23653.84),
(12, '4601234500012', 'Телевизор ', 'OPEN', 27212.65),
(13, '4601234500013', 'Ноутбук ', 'CLOSED', 40228.93),
(14, '4601234500014', 'Планшет ', 'OPEN', 9874.66),
(15, '4601234500015', 'Смартфон ', 'OPEN', 8048.47),
(16, '4601234500016', 'Фотоаппарат ', 'OPEN', 20536.69),
(17, '4601234500017', 'Видеокамера ', 'OPEN', 36385.95),
(18, '4601234500018', 'Игровая приставка ', 'CLOSED', 25184.48),
(19, '4601234500019', 'Велосипед ', 'CLOSED', 12504.17),
(20, '4601234500020', 'Самокат ', 'OPEN', 5063.90),
(21, '4601234500021', 'Гироскутер ', 'OPEN', 10776.39),
(22, '4601234500022', 'Электросамокат ', 'OPEN', 28126.56),
(23, '4601234500023', 'Лыжи ', 'OPEN', 7434.45),
(24, '4601234500024', 'Коньки ', 'CLOSED', 5721.23),
(25, '4601234500025', 'Скейтборд ', 'OPEN', 4078.81),
(26, '4601234500026', 'Санки ', 'OPEN', 3546.06),
(27, '4601234500027', 'Качели детские ', 'OPEN', 9215.76),
(28, '4601234500028', 'Горка детская ', 'OPEN', 10044.23),
(29, '4601234500029', 'Батут ', 'CLOSED', 11676.11),
(30, '4601234500030', 'Бассейн надувной ', 'OPEN', 3062.81);

insert into "orders".order (id, created, customer_name, status) VALUES
(1, '2023-01-01T21:51:54', 'Осипов Денис', 'CLOSED'),
(2, '2023-01-02T21:51:54', 'Носков Александр', 'CLOSED'),
(3, '2023-01-03T21:51:54', 'Комаров Дмитрий', 'CANCELED'),
(4, '2023-01-04T21:51:54', 'Михеева Елизавета', 'CLOSED'),
(5, '2023-01-05T21:51:54', 'Попов Тимофей', 'CLOSED'),
(6, '2023-01-06T21:51:54', 'Грачева Милана', 'CLOSED'),
(7, '2023-01-07T21:51:54', 'Фролова Александра', 'CLOSED'),
(8, '2023-01-08T21:51:54', 'Котова Мирослава', 'CLOSED'),
(9, '2023-01-09T21:51:54', 'Соколова Вера', 'CLOSED'),
(10, '2023-01-10T21:51:54', 'Львова Ксения', 'CANCELED'),
(11, '2023-01-11T21:51:54', 'Ефимова Анастасия', 'CLOSED'),
(12, '2023-01-12T21:51:54', 'Александров Александр', 'CLOSED'),
(13, '2023-01-13T21:51:54', 'Гаврилова Виктория', 'CLOSED'),
(14, '2023-01-14T21:51:54', 'Грачева Милана', 'CLOSED'),
(15, '2023-01-15T21:51:54', 'Егоров Николай', 'CLOSED'),
(16, '2023-01-16T21:51:54', 'Мартынов Всеволод', 'CLOSED'),
(17, '2023-01-17T21:51:54', 'Ефремов Адам', 'CLOSED'),
(18, '2023-01-18T21:51:54', 'Скворцова Малика', 'CANCELED'),
(19, '2023-01-19T21:51:54', 'Миронова Татьяна', 'CLOSED'),
(20, '2023-01-20T21:51:54', 'Сергеев Владислав', 'CLOSED'),
(21, '2023-01-21T21:51:54', 'Медведев Егор', 'CLOSED'),
(22, '2023-01-22T21:51:54', 'Зеленина Агата', 'CLOSED'),
(23, '2023-01-23T21:51:54', 'Морозова Елизавета', 'CLOSED'),
(24, '2023-01-24T21:51:54', 'Ларин Максим', 'CANCELED'),
(25, '2023-01-25T21:51:54', 'Осипова Алина', 'CANCELED'),
(26, '2023-01-26T21:51:54', 'Захаров Александр', 'CLOSED'),
(27, '2023-01-27T21:51:54', 'Миронова Татьяна', 'CLOSED'),
(28, '2023-01-28T21:51:54', 'Сидорова Амелия', 'CLOSED'),
(29, '2023-01-29T21:51:54', 'Егоров Николай', 'CLOSED'),
(30, '2023-01-30T21:51:54', 'Зайцев Артур', 'CLOSED'),
(31, '2023-01-31T21:51:54', 'Семенова Кира', 'CLOSED'),
(32, '2023-02-01T21:51:54', 'Титова Софья', 'CLOSED'),
(33, '2023-02-02T21:51:54', 'Булгаков Андрей', 'CLOSED'),
(34, '2023-02-03T21:51:54', 'Иванова Анна', 'PROCESSING'),
(35, '2023-02-04T21:51:54', 'Дроздов Степан', 'CLOSED'),
(36, '2023-02-05T21:51:54', 'Федорова Варвара', 'PROCESSING'),
(37, '2023-02-06T21:51:54', 'Петрова Мария', 'CANCELED'),
(38, '2023-02-07T21:51:54', 'Александров Максим', 'CLOSED'),
(39, '2023-02-08T21:51:54', 'Тимофеев Александр', 'PROCESSING'),
(40, '2023-02-09T21:51:54', 'Калашникова Полина', 'PROCESSING'),
(41, '2023-02-10T21:51:54', 'Ильина Елена', 'PROCESSING'),
(42, '2023-02-11T21:51:54', 'Лазарев Глеб', 'CLOSED'),
(43, '2023-02-12T21:51:54', 'Кузнецова Татьяна', 'PROCESSING'),
(44, '2023-02-13T21:51:54', 'Попова Милана', 'CLOSED'),
(45, '2023-02-14T21:51:54', 'Лаптев Артём', 'CLOSED'),
(46, '2023-02-15T21:51:54', 'Владимирова Агния', 'PROCESSING'),
(47, '2023-02-16T21:51:54', 'Ефремов Виктор', 'PROCESSING'),
(48, '2023-02-17T21:51:54', 'Волков Матвей', 'CANCELED'),
(49, '2023-02-18T21:51:54', 'Пантелеева Елизавета', 'PROCESSING'),
(50, '2023-02-19T21:51:54', 'Тихонова Мария', 'CLOSED');

insert into "orders".order_item (order_id, item_id, quantity, price ) VALUES
(1, 23, 135, 7434.45),
(1, 25, 2, 3216.71),
(2, 13, 13, 40228.93),
(2, 21, 8, 9805.56),
(3, 7, 5, 2311.91),
(4, 21, 39, 5795.53),
(4, 9, 1, 6637.32),
(4, 3, 4, 4007.89),
(4, 2, 1, 942.22),
(4, 14, 1, 9874.66),
(5, 9, 1, 3534.22),
(5, 19, 1, 12504.17),
(6, 9, 1, 5150.79),
(7, 18, 14, 20459.15),
(8, 28, 4, 7844.39),
(8, 1, 1, 2315.14),
(9, 22, 28, 18178.69),
(10, 24, 1, 3301.05),
(10, 25, 1, 4078.81),
(11, 26, 1, 3546.06),
(12, 6, 1, 2136.44),
(12, 27, 1, 9215.76),
(13, 19, 63, 12504.17),
(13, 16, 5, 20536.69),
(14, 2, 7, 3180.24),
(14, 8, 29, 1083.62),
(14, 10, 1, 14577.5),
(14, 5, 3, 3180.24),
(14, 6, 1, 3040.03),
(14, 7, 1, 2359.22),
(15, 5, 1, 2538.7),
(15, 29, 81, 11676.11),
(16, 8, 124, 1424.93),
(16, 5, 1, 3180.24),
(16, 20, 1, 3086.44),
(16, 10, 1, 13622.73),
(17, 13, 1, 36448.03),
(17, 24, 1, 5721.23),
(17, 7, 85, 2154.68),
(17, 29, 91, 11676.11),
(17, 28, 145, 10044.23),
(18, 14, 1, 5294.55),
(18, 1, 2, 2511.64),
(18, 10, 3, 14577.5),
(18, 8, 1, 1424.93),
(18, 21, 3, 10776.39),
(18, 13, 1, 40228.93),
(19, 4, 20, 3504.5),
(20, 17, 1, 35604.75),
(20, 24, 1, 2903.45),
(20, 6, 20, 2299.84),
(20, 19, 17, 10521.51),
(21, 20, 2, 3495.51),
(22, 8, 10, 735.02),
(22, 23, 1, 4893.64),
(22, 24, 1, 5721.23),
(23, 2, 6, 1608.34),
(24, 21, 1, 7807.99),
(24, 25, 1, 4078.81),
(24, 22, 1, 10776.39),
(25, 5, 1, 3180.24),
(25, 4, 1, 3023.84),
(25, 23, 1, 7434.45),
(26, 4, 1, 2607.53),
(27, 14, 13, 5940.17),
(27, 27, 1, 5828.02),
(28, 5, 1, 2447.26),
(28, 20, 95, 2581.15),
(29, 5, 70, 2679.42),
(30, 22, 1, 28126.56),
(31, 2, 2, 1835.93),
(32, 20, 11, 5063.9),
(33, 8, 3, 823.19),
(33, 17, 1, 23189.66),
(34, 6, 1, 2299.84),
(34, 4, 1, 1848.14),
(34, 7, 32, 1320.98),
(35, 10, 1, 12195.95),
(35, 21, 1, 10776.39),
(35, 12, 2, 27212.65),
(35, 29, 1, 9030.28),
(35, 11, 28, 14577.5),
(36, 30, 93, 2084.99),
(36, 14, 121, 7971.74),
(36, 22, 1, 28126.56),
(37, 5, 3, 3113.07),
(37, 28, 2, 10044.23),
(37, 22, 32, 27901.4),
(38, 23, 5, 7434.45),
(39, 9, 19, 5355.67),
(40, 21, 34, 10776.39),
(41, 14, 14, 9358.68),
(41, 22, 2, 28126.56),
(42, 26, 1, 1829.93),
(42, 28, 2, 10044.23),
(42, 11, 62, 17939.85),
(42, 8, 1, 869.64),
(43, 15, 68, 8048.47),
(43, 14, 1, 9874.66),
(43, 11, 1, 19164.8),
(43, 4, 1, 3504.5),
(43, 12, 1, 18276.37),
(43, 7, 11, 2359.22),
(44, 30, 65, 1603.71),
(44, 19, 50, 12504.17),
(44, 21, 2, 10776.39),
(44, 22, 10, 20930.57),
(44, 15, 1, 4556.38),
(44, 28, 15, 5841.03),
(45, 20, 13, 5063.9),
(45, 10, 1, 9104.55),
(45, 18, 3, 24329.57),
(46, 28, 30, 5101.6),
(46, 8, 1, 1424.93),
(47, 4, 1, 3504.5),
(48, 22, 1, 14670.21),
(48, 18, 2, 25184.48),
(49, 30, 1, 3062.81),
(49, 14, 5, 5498.21),
(50, 10, 1, 14308.56);
commit;
